{
    "key": "group_68e3f64432043",
    "title": "Custom WooCommerce Shop Template",
    "fields": [
        {
            "key": "field_68e3f6c2c4931",
            "label": "Termék típus",
            "name": "type",
            "aria-label": "",
            "type": "checkbox",
            "instructions": "",
            "required": 0,
            "conditional_logic": 0,
            "wrapper": {
                "width": "",
                "class": "",
                "id": ""
            },
            "choices": {
                "simple": "Egyszerű termék",
                "grouped": "Csoportosított termék",
                "external": "Külső\/Partner termék",
                "variable": "Variálható termék",
                "subscription": "Egyszerű előfizetés",
                "variable-subscription": "Variálható előfizetés"
            },
            "default_value": [],
            "return_format": "value",
            "allow_custom": 0,
            "allow_in_bindings": 0,
            "layout": "vertical",
            "toggle": 0,
            "save_custom": 0,
            "custom_choice_button_text": "Add new choice"
        },
        {
            "key": "field_68e3f6cdc4934",
            "label": "Rendezési elv",
            "name": "orderby",
            "aria-label": "",
            "type": "select",
            "instructions": "",
            "required": 0,
            "conditional_logic": 0,
            "wrapper": {
                "width": "",
                "class": "",
                "id": ""
            },
            "choices": {
                "date": "Dátum szerint",
                "name": "Név szerint"
            },
            "default_value": "date",
            "return_format": "value",
            "multiple": 0,
            "allow_null": 0,
            "allow_in_bindings": 0,
            "ui": 0,
            "ajax": 0,
            "placeholder": "",
            "create_options": 0,
            "save_options": 0
        },
        {
            "key": "field_68e3f6d1c4935",
            "label": "Rendezés",
            "name": "order",
            "aria-label": "",
            "type": "select",
            "instructions": "",
            "required": 0,
            "conditional_logic": 0,
            "wrapper": {
                "width": "",
                "class": "",
                "id": ""
            },
            "choices": {
                "asc": "Növekvő sorrendben",
                "desc": "Csökkenő sorrendben"
            },
            "default_value": "desc",
            "return_format": "value",
            "multiple": 0,
            "allow_null": 0,
            "allow_in_bindings": 0,
            "ui": 0,
            "ajax": 0,
            "placeholder": "",
            "create_options": 0,
            "save_options": 0
        },
        {
            "key": "field_68e3f6d7c4936",
            "label": "Bejegyzések száma",
            "name": "products_per_page",
            "aria-label": "",
            "type": "number",
            "instructions": "",
            "required": 0,
            "conditional_logic": 0,
            "wrapper": {
                "width": "",
                "class": "",
                "id": ""
            },
            "default_value": 12,
            "min": 1,
            "max": "",
            "allow_in_bindings": 0,
            "placeholder": "",
            "step": "",
            "prepend": "",
            "append": ""
        },
        {
            "key": "field_68e3f6dac4937",
            "label": "Akciós",
            "name": "on_sale",
            "aria-label": "",
            "type": "true_false",
            "instructions": "",
            "required": 0,
            "conditional_logic": 0,
            "wrapper": {
                "width": "",
                "class": "",
                "id": ""
            },
            "message": "",
            "default_value": 0,
            "allow_in_bindings": 0,
            "ui_on_text": "",
            "ui_off_text": "",
            "ui": 1
        },
        {
            "key": "field_68e3f6c7c4932",
            "label": "Virtuális",
            "name": "virtual",
            "aria-label": "",
            "type": "true_false",
            "instructions": "",
            "required": 0,
            "conditional_logic": 0,
            "wrapper": {
                "width": "",
                "class": "",
                "id": ""
            },
            "message": "",
            "default_value": 0,
            "allow_in_bindings": 0,
            "ui_on_text": "",
            "ui_off_text": "",
            "ui": 1
        },
        {
            "key": "field_68e3f6cac4933",
            "label": "Digitális (letölthető)",
            "name": "downloadable",
            "aria-label": "",
            "type": "true_false",
            "instructions": "",
            "required": 0,
            "conditional_logic": 0,
            "wrapper": {
                "width": "",
                "class": "",
                "id": ""
            },
            "message": "",
            "default_value": 0,
            "allow_in_bindings": 0,
            "ui_on_text": "",
            "ui_off_text": "",
            "ui": 1
        },
        {
            "key": "field_68e3f6e2c4938",
            "label": "Kategóriák",
            "name": "product_cat",
            "aria-label": "",
            "type": "taxonomy",
            "instructions": "",
            "required": 0,
            "conditional_logic": 0,
            "wrapper": {
                "width": "",
                "class": "",
                "id": ""
            },
            "taxonomy": "product_cat",
            "add_term": 0,
            "save_terms": 0,
            "load_terms": 0,
            "return_format": "object",
            "field_type": "checkbox",
            "allow_in_bindings": 0,
            "bidirectional": 0,
            "multiple": 0,
            "allow_null": 0,
            "bidirectional_target": []
        },
        {
            "key": "field_68e3f6e9c493a",
            "label": "Címkék",
            "name": "product_tag",
            "aria-label": "",
            "type": "taxonomy",
            "instructions": "",
            "required": 0,
            "conditional_logic": 0,
            "wrapper": {
                "width": "",
                "class": "",
                "id": ""
            },
            "taxonomy": "product_tag",
            "add_term": 0,
            "save_terms": 0,
            "load_terms": 0,
            "return_format": "object",
            "field_type": "checkbox",
            "allow_in_bindings": 0,
            "bidirectional": 0,
            "multiple": 0,
            "allow_null": 0,
            "bidirectional_target": []
        },
        {
            "key": "field_69199ceac781f",
            "label": "Termékek",
            "name": "include",
            "aria-label": "",
            "type": "relationship",
            "instructions": "",
            "required": 0,
            "conditional_logic": 0,
            "wrapper": {
                "width": "",
                "class": "",
                "id": ""
            },
            "post_type": [
                "product",
                "product_variation"
            ],
            "post_status": [
                "publish"
            ],
            "taxonomy": "",
            "filters": [
                "search"
            ],
            "return_format": "id",
            "min": "",
            "max": "",
            "allow_in_bindings": 0,
            "elements": "",
            "bidirectional": 0,
            "bidirectional_target": []
        }
    ],
    "location": [
        [
            {
                "param": "post_type",
                "operator": "==",
                "value": "page"
            },
            {
                "param": "post_template",
                "operator": "==",
                "value": "templates\/page-wc-shop.php"
            }
        ]
    ],
    "menu_order": 0,
    "position": "normal",
    "style": "default",
    "label_placement": "top",
    "instruction_placement": "label",
    "hide_on_screen": "",
    "active": true,
    "description": "",
    "show_in_rest": 0,
    "display_title": "",
    "modified": 1763741398
}
