{
    "key": "group_68ce2f7c12022",
    "title": "Sablon beállítások",
    "fields": [
        {
            "key": "field_68d54b9318d11",
            "label": "Általános beállítások",
            "name": "",
            "aria-label": "",
            "type": "tab",
            "instructions": "",
            "required": 0,
            "conditional_logic": 0,
            "wrapper": {
                "width": "",
                "class": "",
                "id": ""
            },
            "placement": "left",
            "endpoint": 0,
            "selected": 0
        },
        {
            "key": "field_68ce2f7d23260",
            "label": "Honlap neve",
            "name": "site_name",
            "aria-label": "",
            "type": "text",
            "instructions": "",
            "required": 0,
            "conditional_logic": 0,
            "wrapper": {
                "width": "",
                "class": "",
                "id": ""
            },
            "default_value": "",
            "maxlength": "",
            "allow_in_bindings": 0,
            "placeholder": "",
            "prepend": "",
            "append": ""
        },
        {
            "key": "field_68e0d588c41b9",
            "label": "Logó",
            "name": "site_logo",
            "aria-label": "",
            "type": "image",
            "instructions": "",
            "required": 0,
            "conditional_logic": 0,
            "wrapper": {
                "width": "",
                "class": "",
                "id": ""
            },
            "return_format": "array",
            "library": "all",
            "min_width": "",
            "min_height": "",
            "min_size": "",
            "max_width": "",
            "max_height": "",
            "max_size": "",
            "mime_types": "svg",
            "allow_in_bindings": 0,
            "preview_size": "medium"
        },
        {
            "key": "field_691dad8262669",
            "label": "Ikon",
            "name": "site_favicon",
            "aria-label": "",
            "type": "image",
            "instructions": "",
            "required": 0,
            "conditional_logic": 0,
            "wrapper": {
                "width": "",
                "class": "",
                "id": ""
            },
            "return_format": "array",
            "library": "all",
            "min_width": "",
            "min_height": "",
            "min_size": "",
            "max_width": "",
            "max_height": "",
            "max_size": "",
            "mime_types": "svg",
            "allow_in_bindings": 0,
            "preview_size": "medium"
        },
        {
            "key": "field_691dada264c92",
            "label": "Fő szín",
            "name": "site_theme_color",
            "aria-label": "",
            "type": "color_picker",
            "instructions": "",
            "required": 0,
            "conditional_logic": 0,
            "wrapper": {
                "width": "",
                "class": "",
                "id": ""
            },
            "default_value": "",
            "enable_opacity": 0,
            "return_format": "string",
            "allow_in_bindings": 0,
            "show_custom_palette": 0,
            "show_color_wheel": 1,
            "custom_palette_source": "",
            "palette_colors": ""
        },
        {
            "key": "field_6912145c25e87",
            "label": "Telefonszám",
            "name": "site_phone",
            "aria-label": "",
            "type": "text",
            "instructions": "",
            "required": 0,
            "conditional_logic": 0,
            "wrapper": {
                "width": "",
                "class": "",
                "id": ""
            },
            "default_value": "",
            "maxlength": "",
            "allow_in_bindings": 0,
            "placeholder": "",
            "prepend": "",
            "append": ""
        },
        {
            "key": "field_6912147725e88",
            "label": "E-mail",
            "name": "site_email",
            "aria-label": "",
            "type": "email",
            "instructions": "",
            "required": 0,
            "conditional_logic": 0,
            "wrapper": {
                "width": "",
                "class": "",
                "id": ""
            },
            "default_value": "",
            "allow_in_bindings": 0,
            "placeholder": "",
            "prepend": "",
            "append": ""
        },
        {
            "key": "field_696914260f269",
            "label": "Cím első sora",
            "name": "site_address",
            "aria-label": "",
            "type": "text",
            "instructions": "",
            "required": 0,
            "conditional_logic": 0,
            "wrapper": {
                "width": "",
                "class": "",
                "id": ""
            },
            "default_value": "",
            "maxlength": "",
            "allow_in_bindings": 0,
            "placeholder": "",
            "prepend": "",
            "append": ""
        },
        {
            "key": "field_696914810f26b",
            "label": "Cím második sora",
            "name": "site_address_2",
            "aria-label": "",
            "type": "text",
            "instructions": "",
            "required": 0,
            "conditional_logic": 0,
            "wrapper": {
                "width": "",
                "class": "",
                "id": ""
            },
            "default_value": "",
            "maxlength": "",
            "allow_in_bindings": 0,
            "placeholder": "",
            "prepend": "",
            "append": ""
        },
        {
            "key": "field_6969143c0f26a",
            "label": "Város",
            "name": "site_city",
            "aria-label": "",
            "type": "text",
            "instructions": "",
            "required": 0,
            "conditional_logic": 0,
            "wrapper": {
                "width": "",
                "class": "",
                "id": ""
            },
            "default_value": "",
            "maxlength": "",
            "allow_in_bindings": 0,
            "placeholder": "",
            "prepend": "",
            "append": ""
        },
        {
            "key": "field_696914940f26c",
            "label": "Ország \/ Állam",
            "name": "site_country",
            "aria-label": "",
            "type": "text",
            "instructions": "",
            "required": 0,
            "conditional_logic": 0,
            "wrapper": {
                "width": "",
                "class": "",
                "id": ""
            },
            "default_value": "",
            "maxlength": "",
            "allow_in_bindings": 0,
            "placeholder": "",
            "prepend": "",
            "append": ""
        },
        {
            "key": "field_696914b30f26d",
            "label": "Irányítószám",
            "name": "site_postcode",
            "aria-label": "",
            "type": "text",
            "instructions": "",
            "required": 0,
            "conditional_logic": 0,
            "wrapper": {
                "width": "",
                "class": "",
                "id": ""
            },
            "default_value": "",
            "maxlength": "",
            "allow_in_bindings": 0,
            "placeholder": "",
            "prepend": "",
            "append": ""
        },
        {
            "key": "field_69078759c0a4e",
            "label": "Helykitöltő kép",
            "name": "placeholder_img",
            "aria-label": "",
            "type": "image",
            "instructions": "",
            "required": 0,
            "conditional_logic": 0,
            "wrapper": {
                "width": "",
                "class": "",
                "id": ""
            },
            "return_format": "array",
            "library": "all",
            "min_width": "",
            "min_height": "",
            "min_size": "",
            "max_width": "",
            "max_height": "",
            "max_size": "",
            "mime_types": "",
            "allow_in_bindings": 0,
            "preview_size": "medium"
        },
        {
            "key": "field_68de5913cb953",
            "label": "Nyitvatartás",
            "name": "opening_hours",
            "aria-label": "",
            "type": "group",
            "instructions": "",
            "required": 0,
            "conditional_logic": 0,
            "wrapper": {
                "width": "",
                "class": "",
                "id": ""
            },
            "layout": "block",
            "sub_fields": [
                {
                    "key": "field_68de594dcb954",
                    "label": "Hétfő",
                    "name": "monday_status",
                    "aria-label": "",
                    "type": "true_false",
                    "instructions": "",
                    "required": 0,
                    "conditional_logic": 0,
                    "wrapper": {
                        "width": "",
                        "class": "",
                        "id": ""
                    },
                    "message": "",
                    "default_value": 1,
                    "allow_in_bindings": 0,
                    "ui_on_text": "Nyitva",
                    "ui_off_text": "Zárva",
                    "ui": 1
                },
                {
                    "key": "field_68de59cdcb955",
                    "label": "Nyitás",
                    "name": "monday_open",
                    "aria-label": "",
                    "type": "time_picker",
                    "instructions": "",
                    "required": 0,
                    "conditional_logic": [
                        [
                            {
                                "field": "field_68de594dcb954",
                                "operator": "==",
                                "value": "1"
                            }
                        ]
                    ],
                    "wrapper": {
                        "width": "50",
                        "class": "",
                        "id": ""
                    },
                    "display_format": "g:i a",
                    "return_format": "g:i a",
                    "allow_in_bindings": 0
                },
                {
                    "key": "field_68de5a33cb956",
                    "label": "Zárás",
                    "name": "monday_close",
                    "aria-label": "",
                    "type": "time_picker",
                    "instructions": "",
                    "required": 0,
                    "conditional_logic": [
                        [
                            {
                                "field": "field_68de594dcb954",
                                "operator": "==",
                                "value": "1"
                            }
                        ]
                    ],
                    "wrapper": {
                        "width": "50",
                        "class": "",
                        "id": ""
                    },
                    "display_format": "g:i a",
                    "return_format": "g:i a",
                    "allow_in_bindings": 0
                },
                {
                    "key": "field_68de5ae5cb957",
                    "label": "Kedd",
                    "name": "tuesday_status",
                    "aria-label": "",
                    "type": "true_false",
                    "instructions": "",
                    "required": 0,
                    "conditional_logic": 0,
                    "wrapper": {
                        "width": "",
                        "class": "",
                        "id": ""
                    },
                    "message": "",
                    "default_value": 1,
                    "allow_in_bindings": 0,
                    "ui_on_text": "Nyitva",
                    "ui_off_text": "Zárva",
                    "ui": 1
                },
                {
                    "key": "field_68de5b0dcb958",
                    "label": "Nyitás",
                    "name": "tuesday_open",
                    "aria-label": "",
                    "type": "time_picker",
                    "instructions": "",
                    "required": 0,
                    "conditional_logic": [
                        [
                            {
                                "field": "field_68de5ae5cb957",
                                "operator": "==",
                                "value": "1"
                            }
                        ]
                    ],
                    "wrapper": {
                        "width": "50",
                        "class": "",
                        "id": ""
                    },
                    "display_format": "g:i a",
                    "return_format": "g:i a",
                    "allow_in_bindings": 0
                },
                {
                    "key": "field_68de5b13cb959",
                    "label": "Zárás",
                    "name": "tuesday_close",
                    "aria-label": "",
                    "type": "time_picker",
                    "instructions": "",
                    "required": 0,
                    "conditional_logic": [
                        [
                            {
                                "field": "field_68de5ae5cb957",
                                "operator": "==",
                                "value": "1"
                            }
                        ]
                    ],
                    "wrapper": {
                        "width": "50",
                        "class": "",
                        "id": ""
                    },
                    "display_format": "g:i a",
                    "return_format": "g:i a",
                    "allow_in_bindings": 0
                },
                {
                    "key": "field_68de5c8a14fed",
                    "label": "Szerda",
                    "name": "wednesday_status",
                    "aria-label": "",
                    "type": "true_false",
                    "instructions": "",
                    "required": 0,
                    "conditional_logic": 0,
                    "wrapper": {
                        "width": "",
                        "class": "",
                        "id": ""
                    },
                    "message": "",
                    "default_value": 1,
                    "allow_in_bindings": 0,
                    "ui_on_text": "Nyitva",
                    "ui_off_text": "Zárva",
                    "ui": 1
                },
                {
                    "key": "field_68de5cbb14fee",
                    "label": "Nyitás",
                    "name": "wednesday_open",
                    "aria-label": "",
                    "type": "time_picker",
                    "instructions": "",
                    "required": 0,
                    "conditional_logic": [
                        [
                            {
                                "field": "field_68de5c8a14fed",
                                "operator": "==",
                                "value": "1"
                            }
                        ]
                    ],
                    "wrapper": {
                        "width": "50",
                        "class": "",
                        "id": ""
                    },
                    "display_format": "g:i a",
                    "return_format": "g:i a",
                    "allow_in_bindings": 0
                },
                {
                    "key": "field_68de5cce14fef",
                    "label": "Zárás",
                    "name": "wednesday_close",
                    "aria-label": "",
                    "type": "time_picker",
                    "instructions": "",
                    "required": 0,
                    "conditional_logic": [
                        [
                            {
                                "field": "field_68de5c8a14fed",
                                "operator": "==",
                                "value": "1"
                            }
                        ]
                    ],
                    "wrapper": {
                        "width": "50",
                        "class": "",
                        "id": ""
                    },
                    "display_format": "g:i a",
                    "return_format": "g:i a",
                    "allow_in_bindings": 0
                },
                {
                    "key": "field_68de5d1c14ff3",
                    "label": "Csütörtök",
                    "name": "thursday_status",
                    "aria-label": "",
                    "type": "true_false",
                    "instructions": "",
                    "required": 0,
                    "conditional_logic": 0,
                    "wrapper": {
                        "width": "",
                        "class": "",
                        "id": ""
                    },
                    "message": "",
                    "default_value": 1,
                    "allow_in_bindings": 0,
                    "ui_on_text": "Nyitva",
                    "ui_off_text": "Zárva",
                    "ui": 1
                },
                {
                    "key": "field_68de5d3714ff4",
                    "label": "Nyitás",
                    "name": "thursday_open",
                    "aria-label": "",
                    "type": "time_picker",
                    "instructions": "",
                    "required": 0,
                    "conditional_logic": [
                        [
                            {
                                "field": "field_68de5d1c14ff3",
                                "operator": "==",
                                "value": "1"
                            }
                        ]
                    ],
                    "wrapper": {
                        "width": "50",
                        "class": "",
                        "id": ""
                    },
                    "display_format": "g:i a",
                    "return_format": "g:i a",
                    "allow_in_bindings": 0
                },
                {
                    "key": "field_68de5d4c14ff5",
                    "label": "Zárás",
                    "name": "thursday_close",
                    "aria-label": "",
                    "type": "time_picker",
                    "instructions": "",
                    "required": 0,
                    "conditional_logic": [
                        [
                            {
                                "field": "field_68de5d1c14ff3",
                                "operator": "==",
                                "value": "1"
                            }
                        ]
                    ],
                    "wrapper": {
                        "width": "50",
                        "class": "",
                        "id": ""
                    },
                    "display_format": "g:i a",
                    "return_format": "g:i a",
                    "allow_in_bindings": 0
                },
                {
                    "key": "field_68de5da46fcf2",
                    "label": "Péntek",
                    "name": "friday_status",
                    "aria-label": "",
                    "type": "true_false",
                    "instructions": "",
                    "required": 0,
                    "conditional_logic": 0,
                    "wrapper": {
                        "width": "",
                        "class": "",
                        "id": ""
                    },
                    "message": "",
                    "default_value": 1,
                    "allow_in_bindings": 0,
                    "ui_on_text": "Nyitva",
                    "ui_off_text": "Zárva",
                    "ui": 1
                },
                {
                    "key": "field_68de5dce6fcf3",
                    "label": "Nyitás",
                    "name": "friday_open",
                    "aria-label": "",
                    "type": "time_picker",
                    "instructions": "",
                    "required": 0,
                    "conditional_logic": [
                        [
                            {
                                "field": "field_68de5da46fcf2",
                                "operator": "==",
                                "value": "1"
                            }
                        ]
                    ],
                    "wrapper": {
                        "width": "50",
                        "class": "",
                        "id": ""
                    },
                    "display_format": "g:i a",
                    "return_format": "g:i a",
                    "allow_in_bindings": 0
                },
                {
                    "key": "field_68de5dd06fcf4",
                    "label": "Zárás",
                    "name": "friday_close",
                    "aria-label": "",
                    "type": "time_picker",
                    "instructions": "",
                    "required": 0,
                    "conditional_logic": [
                        [
                            {
                                "field": "field_68de5da46fcf2",
                                "operator": "==",
                                "value": "1"
                            }
                        ]
                    ],
                    "wrapper": {
                        "width": "50",
                        "class": "",
                        "id": ""
                    },
                    "display_format": "g:i a",
                    "return_format": "g:i a",
                    "allow_in_bindings": 0
                },
                {
                    "key": "field_68dee20c0b8de",
                    "label": "Szombat",
                    "name": "saturday_status",
                    "aria-label": "",
                    "type": "true_false",
                    "instructions": "",
                    "required": 0,
                    "conditional_logic": 0,
                    "wrapper": {
                        "width": "",
                        "class": "",
                        "id": ""
                    },
                    "message": "",
                    "default_value": 1,
                    "allow_in_bindings": 0,
                    "ui_on_text": "Nyitva",
                    "ui_off_text": "Zárva",
                    "ui": 1
                },
                {
                    "key": "field_68dee2370b8df",
                    "label": "Nyitás",
                    "name": "saturday_open",
                    "aria-label": "",
                    "type": "time_picker",
                    "instructions": "",
                    "required": 0,
                    "conditional_logic": [
                        [
                            {
                                "field": "field_68dee20c0b8de",
                                "operator": "==",
                                "value": "1"
                            }
                        ]
                    ],
                    "wrapper": {
                        "width": "50",
                        "class": "",
                        "id": ""
                    },
                    "display_format": "g:i a",
                    "return_format": "g:i a",
                    "allow_in_bindings": 0
                },
                {
                    "key": "field_68dee2560b8e0",
                    "label": "Zárás",
                    "name": "saturday_close",
                    "aria-label": "",
                    "type": "time_picker",
                    "instructions": "",
                    "required": 0,
                    "conditional_logic": [
                        [
                            {
                                "field": "field_68dee20c0b8de",
                                "operator": "==",
                                "value": "1"
                            }
                        ]
                    ],
                    "wrapper": {
                        "width": "50",
                        "class": "",
                        "id": ""
                    },
                    "display_format": "g:i a",
                    "return_format": "g:i a",
                    "allow_in_bindings": 0
                },
                {
                    "key": "field_68dee2080b8dd",
                    "label": "Vasárnap",
                    "name": "sunday_status",
                    "aria-label": "",
                    "type": "true_false",
                    "instructions": "",
                    "required": 0,
                    "conditional_logic": 0,
                    "wrapper": {
                        "width": "",
                        "class": "",
                        "id": ""
                    },
                    "message": "",
                    "default_value": 1,
                    "allow_in_bindings": 0,
                    "ui_on_text": "Nyitva",
                    "ui_off_text": "Zárva",
                    "ui": 1
                },
                {
                    "key": "field_68dee2710b8e1",
                    "label": "Nyitás",
                    "name": "sunday_open",
                    "aria-label": "",
                    "type": "time_picker",
                    "instructions": "",
                    "required": 0,
                    "conditional_logic": [
                        [
                            {
                                "field": "field_68dee2080b8dd",
                                "operator": "==",
                                "value": "1"
                            }
                        ]
                    ],
                    "wrapper": {
                        "width": "50",
                        "class": "",
                        "id": ""
                    },
                    "display_format": "g:i a",
                    "return_format": "g:i a",
                    "allow_in_bindings": 0
                },
                {
                    "key": "field_68dee2890b8e2",
                    "label": "Zárás",
                    "name": "sunday_close",
                    "aria-label": "",
                    "type": "time_picker",
                    "instructions": "",
                    "required": 0,
                    "conditional_logic": [
                        [
                            {
                                "field": "field_68dee2080b8dd",
                                "operator": "==",
                                "value": "1"
                            }
                        ]
                    ],
                    "wrapper": {
                        "width": "50",
                        "class": "",
                        "id": ""
                    },
                    "display_format": "g:i a",
                    "return_format": "g:i a",
                    "allow_in_bindings": 0
                }
            ]
        },
        {
            "key": "field_6913792cd8bee",
            "label": "Copyright",
            "name": "copyright",
            "aria-label": "",
            "type": "text",
            "instructions": "",
            "required": 0,
            "conditional_logic": 0,
            "wrapper": {
                "width": "",
                "class": "",
                "id": ""
            },
            "default_value": "",
            "maxlength": "",
            "allow_in_bindings": 0,
            "placeholder": "",
            "prepend": "",
            "append": ""
        },
        {
            "key": "field_69148bb037beb",
            "label": "Elfogadott kártya típusok",
            "name": "site_payment_logo",
            "aria-label": "",
            "type": "image",
            "instructions": "",
            "required": 0,
            "conditional_logic": 0,
            "wrapper": {
                "width": "",
                "class": "",
                "id": ""
            },
            "return_format": "array",
            "library": "all",
            "min_width": "",
            "min_height": "",
            "min_size": "",
            "max_width": "",
            "max_height": "",
            "max_size": "",
            "mime_types": "",
            "allow_in_bindings": 0,
            "preview_size": "medium"
        },
        {
            "key": "field_6944281e2810c",
            "label": "Snazzy Maps style",
            "name": "snazzystyle",
            "aria-label": "",
            "type": "textarea",
            "instructions": "",
            "required": 0,
            "conditional_logic": 0,
            "wrapper": {
                "width": "",
                "class": "",
                "id": ""
            },
            "default_value": "",
            "maxlength": "",
            "allow_in_bindings": 0,
            "rows": "",
            "placeholder": "",
            "new_lines": ""
        },
        {
            "key": "field_691209bd045d4",
            "label": "Közösségi média",
            "name": "",
            "aria-label": "",
            "type": "tab",
            "instructions": "",
            "required": 0,
            "conditional_logic": 0,
            "wrapper": {
                "width": "",
                "class": "",
                "id": ""
            },
            "placement": "left",
            "endpoint": 0,
            "selected": 0
        },
        {
            "key": "field_691209d9045d5",
            "label": "Közösségi média",
            "name": "social_items",
            "aria-label": "",
            "type": "repeater",
            "instructions": "",
            "required": 0,
            "conditional_logic": 0,
            "wrapper": {
                "width": "",
                "class": "",
                "id": ""
            },
            "layout": "table",
            "pagination": 0,
            "min": 0,
            "max": 0,
            "collapsed": "",
            "button_label": "Sor hozzáadása",
            "rows_per_page": 20,
            "sub_fields": [
                {
                    "key": "field_691209d9045d6",
                    "label": "Kép",
                    "name": "social_image",
                    "aria-label": "",
                    "type": "image",
                    "instructions": "",
                    "required": 0,
                    "conditional_logic": 0,
                    "wrapper": {
                        "width": "",
                        "class": "",
                        "id": ""
                    },
                    "return_format": "array",
                    "library": "all",
                    "min_width": "",
                    "min_height": "",
                    "min_size": "",
                    "max_width": "",
                    "max_height": "",
                    "max_size": "",
                    "mime_types": "svg",
                    "allow_in_bindings": 0,
                    "preview_size": "medium",
                    "parent_repeater": "field_691209d9045d5"
                },
                {
                    "key": "field_691209d9045d7",
                    "label": "Leírás",
                    "name": "social_link",
                    "aria-label": "",
                    "type": "link",
                    "instructions": "",
                    "required": 0,
                    "conditional_logic": 0,
                    "wrapper": {
                        "width": "",
                        "class": "",
                        "id": ""
                    },
                    "return_format": "array",
                    "allow_in_bindings": 0,
                    "parent_repeater": "field_691209d9045d5"
                }
            ]
        },
        {
            "key": "field_697d2a4699ccf",
            "label": "Spotify műsorlista",
            "name": "spotify_playlist",
            "aria-label": "",
            "type": "oembed",
            "instructions": "",
            "required": 0,
            "conditional_logic": 0,
            "wrapper": {
                "width": "",
                "class": "",
                "id": ""
            },
            "width": "",
            "height": "",
            "allow_in_bindings": 0
        },
        {
            "key": "field_68e51a739e723",
            "label": "Hírlevél",
            "name": "",
            "aria-label": "",
            "type": "tab",
            "instructions": "",
            "required": 0,
            "conditional_logic": 0,
            "wrapper": {
                "width": "",
                "class": "",
                "id": ""
            },
            "placement": "left",
            "endpoint": 0,
            "selected": 0
        },
        {
            "key": "field_68fce8b77a27f",
            "label": "Cím",
            "name": "subscribe_form_title",
            "aria-label": "",
            "type": "text",
            "instructions": "",
            "required": 0,
            "conditional_logic": 0,
            "wrapper": {
                "width": "",
                "class": "",
                "id": ""
            },
            "default_value": "",
            "maxlength": "",
            "allow_in_bindings": 0,
            "placeholder": "",
            "prepend": "",
            "append": ""
        },
        {
            "key": "field_68fce8e27a280",
            "label": "Szöveg",
            "name": "subscribe_form_description",
            "aria-label": "",
            "type": "textarea",
            "instructions": "",
            "required": 0,
            "conditional_logic": 0,
            "wrapper": {
                "width": "",
                "class": "",
                "id": ""
            },
            "default_value": "",
            "maxlength": "",
            "allow_in_bindings": 0,
            "rows": "",
            "placeholder": "",
            "new_lines": ""
        },
        {
            "key": "field_68e51a889e724",
            "label": "Mailchimp API key",
            "name": "mailchimp_api_key",
            "aria-label": "",
            "type": "text",
            "instructions": "",
            "required": 0,
            "conditional_logic": 0,
            "wrapper": {
                "width": "",
                "class": "",
                "id": ""
            },
            "default_value": "",
            "maxlength": "",
            "allow_in_bindings": 0,
            "placeholder": "",
            "prepend": "",
            "append": ""
        },
        {
            "key": "field_68e51bb9c7a16",
            "label": "Mailchimp Audience ID",
            "name": "mailchimp_audience_id",
            "aria-label": "",
            "type": "text",
            "instructions": "",
            "required": 0,
            "conditional_logic": 0,
            "wrapper": {
                "width": "",
                "class": "",
                "id": ""
            },
            "default_value": "",
            "maxlength": "",
            "allow_in_bindings": 0,
            "placeholder": "",
            "prepend": "",
            "append": ""
        },
        {
            "key": "field_6970816668239",
            "label": "Bejegyzésoldal",
            "name": "",
            "aria-label": "",
            "type": "tab",
            "instructions": "",
            "required": 0,
            "conditional_logic": 0,
            "wrapper": {
                "width": "",
                "class": "",
                "id": ""
            },
            "placement": "left",
            "endpoint": 0,
            "selected": 0
        },
        {
            "key": "field_697081816823a",
            "label": "Szekciók",
            "name": "post_page",
            "aria-label": "",
            "type": "clone",
            "instructions": "",
            "required": 0,
            "conditional_logic": 0,
            "wrapper": {
                "width": "",
                "class": "",
                "id": ""
            },
            "clone": [
                "group_68a4803434de3"
            ],
            "display": "seamless",
            "layout": "block",
            "prefix_label": 0,
            "prefix_name": 1
        },
        {
            "key": "field_6970819a6823b",
            "label": "Apartmanoldal",
            "name": "",
            "aria-label": "",
            "type": "tab",
            "instructions": "",
            "required": 0,
            "conditional_logic": 0,
            "wrapper": {
                "width": "",
                "class": "",
                "id": ""
            },
            "placement": "left",
            "endpoint": 0,
            "selected": 0
        },
        {
            "key": "field_697081aa6823c",
            "label": "Szekciók",
            "name": "apartment_page",
            "aria-label": "",
            "type": "clone",
            "instructions": "",
            "required": 0,
            "conditional_logic": 0,
            "wrapper": {
                "width": "",
                "class": "",
                "id": ""
            },
            "clone": [
                "group_68a4803434de3"
            ],
            "display": "seamless",
            "layout": "block",
            "prefix_label": 0,
            "prefix_name": 1
        },
        {
            "key": "field_68d54bad18d12",
            "label": "Termékoldal",
            "name": "",
            "aria-label": "",
            "type": "tab",
            "instructions": "",
            "required": 0,
            "conditional_logic": 0,
            "wrapper": {
                "width": "",
                "class": "",
                "id": ""
            },
            "placement": "left",
            "endpoint": 0,
            "selected": 0
        },
        {
            "key": "field_68f3c91843147",
            "label": "Szekciók",
            "name": "product_page",
            "aria-label": "",
            "type": "clone",
            "instructions": "",
            "required": 0,
            "conditional_logic": 0,
            "wrapper": {
                "width": "",
                "class": "",
                "id": ""
            },
            "clone": [
                "group_68a4803434de3"
            ],
            "display": "seamless",
            "layout": "block",
            "prefix_label": 0,
            "prefix_name": 1
        },
        {
            "key": "field_68da95af0b35d",
            "label": "Ikonok",
            "name": "product_page_icons",
            "aria-label": "",
            "type": "checkbox",
            "instructions": "",
            "required": 0,
            "conditional_logic": 0,
            "wrapper": {
                "width": "",
                "class": "",
                "id": ""
            },
            "choices": {
                "units_sold_message": "Units Sold",
                "free_shipping_limit_message": "Free Shipping Limit",
                "estimated_delivery_message": "Estimated Delivery"
            },
            "default_value": [],
            "return_format": "value",
            "allow_custom": 0,
            "allow_in_bindings": 0,
            "layout": "vertical",
            "toggle": 0,
            "save_custom": 0,
            "custom_choice_button_text": "Add new choice"
        },
        {
            "key": "field_68d54bc318d13",
            "label": "Gyakori kérdések",
            "name": "product_page_faq_items",
            "aria-label": "",
            "type": "relationship",
            "instructions": "",
            "required": 0,
            "conditional_logic": 0,
            "wrapper": {
                "width": "",
                "class": "",
                "id": ""
            },
            "post_type": [
                "faq"
            ],
            "post_status": [
                "publish"
            ],
            "taxonomy": "",
            "filters": [
                "search"
            ],
            "return_format": "object",
            "min": "",
            "max": "",
            "allow_in_bindings": 0,
            "elements": "",
            "bidirectional": 0,
            "bidirectional_target": []
        },
        {
            "key": "field_68da7f3b916ee",
            "label": "Termékcímkék",
            "name": "",
            "aria-label": "",
            "type": "tab",
            "instructions": "",
            "required": 0,
            "conditional_logic": 0,
            "wrapper": {
                "width": "",
                "class": "",
                "id": ""
            },
            "placement": "left",
            "endpoint": 0,
            "selected": 0
        },
        {
            "key": "field_68da425e88af7",
            "label": "Termékcímkék",
            "name": "product_badge_flashes",
            "aria-label": "",
            "type": "checkbox",
            "instructions": "",
            "required": 0,
            "conditional_logic": 0,
            "wrapper": {
                "width": "",
                "class": "",
                "id": ""
            },
            "choices": {
                "wc_wine_store_custom_sale_flash": "Akció jelvény",
                "wc_wine_store_discount_flash": "Kedvezményes jelvény",
                "wc_wine_store_award_flash": "Díjnyertes jelvény",
                "wc_wine_store_bestseller_flash": "Legkelendőbb termék jelvény",
                "wc_wine_store_limited_stock_flash": "Limitált jelvény",
                "wc_wine_store_new_flash": "Most érkezett jelvény",
                "wc_wine_store_new_vintage_flash": "Új évjárat jelvény",
                "wc_wine_store_category_flash": "Hónap bora jelvény"
            },
            "default_value": [],
            "return_format": "value",
            "allow_custom": 0,
            "allow_in_bindings": 0,
            "layout": "vertical",
            "toggle": 0,
            "save_custom": 0,
            "custom_choice_button_text": "Add new choice"
        },
        {
            "key": "field_68da422488af6",
            "label": "Ikonok",
            "name": "",
            "aria-label": "",
            "type": "tab",
            "instructions": "",
            "required": 0,
            "conditional_logic": 0,
            "wrapper": {
                "width": "",
                "class": "",
                "id": ""
            },
            "placement": "left",
            "endpoint": 0,
            "selected": 0
        },
        {
            "key": "field_68d54e7beb02e",
            "label": "Ikonok",
            "name": "icon_items",
            "aria-label": "",
            "type": "repeater",
            "instructions": "",
            "required": 0,
            "conditional_logic": 0,
            "wrapper": {
                "width": "",
                "class": "",
                "id": ""
            },
            "layout": "table",
            "pagination": 0,
            "min": 0,
            "max": 0,
            "collapsed": "",
            "button_label": "Sor hozzáadása",
            "rows_per_page": 20,
            "sub_fields": [
                {
                    "key": "field_68d54ea0eb02f",
                    "label": "Kép",
                    "name": "icon_image",
                    "aria-label": "",
                    "type": "image",
                    "instructions": "",
                    "required": 0,
                    "conditional_logic": 0,
                    "wrapper": {
                        "width": "",
                        "class": "",
                        "id": ""
                    },
                    "return_format": "array",
                    "library": "all",
                    "min_width": "",
                    "min_height": "",
                    "min_size": "",
                    "max_width": "",
                    "max_height": "",
                    "max_size": "",
                    "mime_types": "svg",
                    "allow_in_bindings": 0,
                    "preview_size": "medium",
                    "parent_repeater": "field_68d54e7beb02e"
                },
                {
                    "key": "field_68d54ec1eb030",
                    "label": "Leírás",
                    "name": "icon_text",
                    "aria-label": "",
                    "type": "text",
                    "instructions": "",
                    "required": 0,
                    "conditional_logic": 0,
                    "wrapper": {
                        "width": "",
                        "class": "",
                        "id": ""
                    },
                    "default_value": "",
                    "maxlength": "",
                    "allow_in_bindings": 0,
                    "placeholder": "",
                    "prepend": "",
                    "append": "",
                    "parent_repeater": "field_68d54e7beb02e"
                }
            ]
        },
        {
            "key": "field_68d6b3701a1e0",
            "label": "Ételek párosítására vonatkozó tippek",
            "name": "",
            "aria-label": "",
            "type": "tab",
            "instructions": "",
            "required": 0,
            "conditional_logic": 0,
            "wrapper": {
                "width": "",
                "class": "",
                "id": ""
            },
            "placement": "left",
            "endpoint": 0,
            "selected": 0
        },
        {
            "key": "field_68d6b38d1a1e1",
            "label": "Ételek párosítására vonatkozó tippek",
            "name": "food_pairing_tip_items",
            "aria-label": "",
            "type": "repeater",
            "instructions": "",
            "required": 0,
            "conditional_logic": 0,
            "wrapper": {
                "width": "",
                "class": "",
                "id": ""
            },
            "layout": "table",
            "pagination": 0,
            "min": 0,
            "max": 0,
            "collapsed": "",
            "button_label": "Sor hozzáadása",
            "rows_per_page": 20,
            "sub_fields": [
                {
                    "key": "field_68d6b38d1a1e2",
                    "label": "Kép",
                    "name": "food_pairing_tip_image",
                    "aria-label": "",
                    "type": "image",
                    "instructions": "",
                    "required": 0,
                    "conditional_logic": 0,
                    "wrapper": {
                        "width": "",
                        "class": "",
                        "id": ""
                    },
                    "return_format": "array",
                    "library": "all",
                    "min_width": "",
                    "min_height": "",
                    "min_size": "",
                    "max_width": "",
                    "max_height": "",
                    "max_size": "",
                    "mime_types": "svg",
                    "allow_in_bindings": 0,
                    "preview_size": "medium",
                    "parent_repeater": "field_68d6b38d1a1e1"
                },
                {
                    "key": "field_68d6b38d1a1e3",
                    "label": "Leírás",
                    "name": "food_pairing_tip_text",
                    "aria-label": "",
                    "type": "text",
                    "instructions": "",
                    "required": 0,
                    "conditional_logic": 0,
                    "wrapper": {
                        "width": "",
                        "class": "",
                        "id": ""
                    },
                    "default_value": "",
                    "maxlength": "",
                    "allow_in_bindings": 0,
                    "placeholder": "",
                    "prepend": "",
                    "append": "",
                    "parent_repeater": "field_68d6b38d1a1e1"
                }
            ]
        },
        {
            "key": "field_68dbf5dd2a838",
            "label": "Visszaváltási rendszer (Deposit and Return System)",
            "name": "",
            "aria-label": "",
            "type": "tab",
            "instructions": "",
            "required": 0,
            "conditional_logic": 0,
            "wrapper": {
                "width": "",
                "class": "",
                "id": ""
            },
            "placement": "left",
            "endpoint": 0,
            "selected": 0
        },
        {
            "key": "field_68dbf5e72a839",
            "label": "Ár",
            "name": "drs_price",
            "aria-label": "",
            "type": "number",
            "instructions": "",
            "required": false,
            "conditional_logic": 0,
            "wrapper": {
                "width": "",
                "class": "",
                "id": ""
            },
            "default_value": "",
            "min": "",
            "max": "",
            "step": "",
            "placeholder": "",
            "prepend": "",
            "append": ""
        },
        {
            "key": "field_68dbf8785cd4c",
            "label": "Logó",
            "name": "drs_logo",
            "aria-label": "",
            "type": "image",
            "instructions": "",
            "required": 0,
            "conditional_logic": 0,
            "wrapper": {
                "width": "",
                "class": "",
                "id": ""
            },
            "return_format": "array",
            "library": "all",
            "min_width": "",
            "min_height": "",
            "min_size": "",
            "max_width": "",
            "max_height": "",
            "max_size": "",
            "mime_types": "",
            "allow_in_bindings": 0,
            "preview_size": "medium"
        },
        {
            "key": "field_68dbf61c2a83a",
            "label": "Hivatkozás",
            "name": "drs_link",
            "aria-label": "",
            "type": "link",
            "instructions": "",
            "required": 0,
            "conditional_logic": 0,
            "wrapper": {
                "width": "",
                "class": "",
                "id": ""
            },
            "return_format": "array",
            "allow_in_bindings": 0
        },
        {
            "key": "field_691c34ab7edfe",
            "label": "Fő modal",
            "name": "",
            "aria-label": "",
            "type": "tab",
            "instructions": "",
            "required": 0,
            "conditional_logic": 0,
            "wrapper": {
                "width": "",
                "class": "",
                "id": ""
            },
            "placement": "left",
            "endpoint": 0,
            "selected": 0
        },
        {
            "key": "field_691c3d899694b",
            "label": "Engedélyezés",
            "name": "main_modal_active",
            "aria-label": "",
            "type": "true_false",
            "instructions": "",
            "required": 0,
            "conditional_logic": 0,
            "wrapper": {
                "width": "",
                "class": "",
                "id": ""
            },
            "message": "",
            "default_value": 0,
            "allow_in_bindings": 0,
            "ui_on_text": "",
            "ui_off_text": "",
            "ui": 1
        },
        {
            "key": "field_691c34c97edff",
            "label": "Címsor",
            "name": "main_modal_title",
            "aria-label": "",
            "type": "text",
            "instructions": "",
            "required": 0,
            "conditional_logic": 0,
            "wrapper": {
                "width": "",
                "class": "",
                "id": ""
            },
            "default_value": "",
            "maxlength": "",
            "allow_in_bindings": 0,
            "placeholder": "",
            "prepend": "",
            "append": ""
        },
        {
            "key": "field_691c34cb7ee00",
            "label": "Szöveg",
            "name": "main_modal_body",
            "aria-label": "",
            "type": "wysiwyg",
            "instructions": "",
            "required": 0,
            "conditional_logic": 0,
            "wrapper": {
                "width": "",
                "class": "",
                "id": ""
            },
            "default_value": "",
            "allow_in_bindings": 0,
            "tabs": "all",
            "toolbar": "full",
            "media_upload": 0,
            "delay": 0
        },
        {
            "key": "field_691c34e87ee01",
            "label": "Gomb",
            "name": "main_modal_button",
            "aria-label": "",
            "type": "link",
            "instructions": "",
            "required": 0,
            "conditional_logic": 0,
            "wrapper": {
                "width": "",
                "class": "",
                "id": ""
            },
            "return_format": "array",
            "allow_in_bindings": 0
        },
        {
            "key": "field_691c36e4d63ec",
            "label": "Háttér",
            "name": "main_modal_background",
            "aria-label": "",
            "type": "image",
            "instructions": "",
            "required": 0,
            "conditional_logic": 0,
            "wrapper": {
                "width": "",
                "class": "",
                "id": ""
            },
            "return_format": "array",
            "library": "all",
            "min_width": "",
            "min_height": "",
            "min_size": "",
            "max_width": "",
            "max_height": "",
            "max_size": "",
            "mime_types": "",
            "allow_in_bindings": 0,
            "preview_size": "medium"
        },
        {
            "key": "field_691c2e6b9182c",
            "label": "Regisztrációs modal",
            "name": "",
            "aria-label": "",
            "type": "tab",
            "instructions": "",
            "required": 0,
            "conditional_logic": 0,
            "wrapper": {
                "width": "",
                "class": "",
                "id": ""
            },
            "placement": "left",
            "endpoint": 0,
            "selected": 0
        },
        {
            "key": "field_691c2e879182d",
            "label": "Címsor",
            "name": "register_modal_title",
            "aria-label": "",
            "type": "text",
            "instructions": "",
            "required": 0,
            "conditional_logic": 0,
            "wrapper": {
                "width": "",
                "class": "",
                "id": ""
            },
            "default_value": "",
            "maxlength": "",
            "allow_in_bindings": 0,
            "placeholder": "",
            "prepend": "",
            "append": ""
        },
        {
            "key": "field_691c2eb69182e",
            "label": "Szöveg",
            "name": "register_modal_body",
            "aria-label": "",
            "type": "wysiwyg",
            "instructions": "",
            "required": 0,
            "conditional_logic": 0,
            "wrapper": {
                "width": "",
                "class": "",
                "id": ""
            },
            "default_value": "",
            "allow_in_bindings": 0,
            "tabs": "all",
            "toolbar": "basic",
            "media_upload": 0,
            "delay": 0
        },
        {
            "key": "field_691ec47651f80",
            "label": "Karbantartás mód",
            "name": "",
            "aria-label": "",
            "type": "tab",
            "instructions": "",
            "required": 0,
            "conditional_logic": 0,
            "wrapper": {
                "width": "",
                "class": "",
                "id": ""
            },
            "placement": "left",
            "endpoint": 0,
            "selected": 0
        },
        {
            "key": "field_6918b6893668d",
            "label": "Karbantartás mód",
            "name": "under_construction_mode",
            "aria-label": "",
            "type": "true_false",
            "instructions": "",
            "required": 0,
            "conditional_logic": 0,
            "wrapper": {
                "width": "",
                "class": "",
                "id": ""
            },
            "message": "",
            "default_value": 0,
            "allow_in_bindings": 0,
            "ui_on_text": "",
            "ui_off_text": "",
            "ui": 1
        },
        {
            "key": "field_691ec49651f81",
            "label": "Szöveg",
            "name": "under_construction_mode_body",
            "aria-label": "",
            "type": "wysiwyg",
            "instructions": "",
            "required": 0,
            "conditional_logic": 0,
            "wrapper": {
                "width": "",
                "class": "",
                "id": ""
            },
            "default_value": "",
            "allow_in_bindings": 0,
            "tabs": "all",
            "toolbar": "full",
            "media_upload": 0,
            "delay": 0
        }
    ],
    "location": [
        [
            {
                "param": "options_page",
                "operator": "==",
                "value": "theme-settings"
            }
        ]
    ],
    "menu_order": 0,
    "position": "normal",
    "style": "default",
    "label_placement": "top",
    "instruction_placement": "label",
    "hide_on_screen": "",
    "active": true,
    "description": "",
    "show_in_rest": 0,
    "display_title": "",
    "modified": 1769810548
}
