{
    "key": "group_68ce30a87c910",
    "title": "Attribútum további adatai",
    "fields": [
        {
            "key": "field_68ce30a867b9f",
            "label": "Galéria",
            "name": "gallery",
            "aria-label": "",
            "type": "gallery",
            "instructions": "",
            "required": 0,
            "conditional_logic": 0,
            "wrapper": {
                "width": "",
                "class": "",
                "id": ""
            },
            "return_format": "array",
            "library": "all",
            "min": "",
            "max": "",
            "min_width": "",
            "min_height": "",
            "min_size": "",
            "max_width": "",
            "max_height": "",
            "max_size": "",
            "mime_types": "",
            "insert": "append",
            "preview_size": "medium"
        },
        {
            "key": "field_68dd476f3f9c8",
            "label": "Videó",
            "name": "video",
            "aria-label": "",
            "type": "oembed",
            "instructions": "",
            "required": 0,
            "conditional_logic": 0,
            "wrapper": {
                "width": "",
                "class": "",
                "id": ""
            },
            "width": "",
            "height": "",
            "allow_in_bindings": 0
        }
    ],
    "location": [
        [
            {
                "param": "wc_prod_attr",
                "operator": "==",
                "value": "pa_boraszat"
            }
        ]
    ],
    "menu_order": 0,
    "position": "normal",
    "style": "default",
    "label_placement": "top",
    "instruction_placement": "label",
    "hide_on_screen": "",
    "active": true,
    "description": "",
    "show_in_rest": 0,
    "modified": 1759383710
}
