{
    "key": "group_68ce2fbcd1648",
    "title": "Termék további adatai",
    "fields": [
        {
            "key": "field_68ce48924efd6",
            "label": "Űrtartalom",
            "name": "product_volume_ml",
            "aria-label": "",
            "type": "number",
            "instructions": "",
            "required": 0,
            "conditional_logic": 0,
            "wrapper": {
                "width": "",
                "class": "",
                "id": ""
            },
            "default_value": "",
            "min": "",
            "max": "",
            "allow_in_bindings": 0,
            "placeholder": "",
            "step": "",
            "prepend": "",
            "append": "ml"
        },
        {
            "key": "field_68ce2fbd54237",
            "label": "Visszaváltási rendszer (Deposit and Return System)",
            "name": "product_drs_fee",
            "aria-label": "",
            "type": "true_false",
            "instructions": "",
            "required": 0,
            "conditional_logic": 0,
            "wrapper": {
                "width": "",
                "class": "",
                "id": ""
            },
            "message": "",
            "default_value": 0,
            "allow_in_bindings": 0,
            "ui_on_text": "",
            "ui_off_text": "",
            "ui": 1
        },
        {
            "key": "field_68dbf50031ce3",
            "label": "Ikonok",
            "name": "product_icons",
            "aria-label": "",
            "type": "checkbox",
            "instructions": "",
            "required": 0,
            "conditional_logic": 0,
            "wrapper": {
                "width": "",
                "class": "",
                "id": ""
            },
            "choices": {
                "free_shipping_limit_message": "Free Shipping Limit",
                "estimated_delivery_message": "Estimated Delivery",
                "hazhoz-szallitas": "Házhoz szállítás"
            },
            "default_value": [],
            "return_format": "value",
            "allow_custom": 0,
            "allow_in_bindings": 0,
            "layout": "vertical",
            "toggle": 0,
            "save_custom": 0,
            "custom_choice_button_text": "Add new choice"
        },
        {
            "key": "field_68d6b62e676ce",
            "label": "Ételek párosítására vonatkozó tippek",
            "name": "product_food_pairing_tips",
            "aria-label": "",
            "type": "checkbox",
            "instructions": "",
            "required": 0,
            "conditional_logic": 0,
            "wrapper": {
                "width": "",
                "class": "",
                "id": ""
            },
            "choices": {
                "halakhoz": "Halakhoz",
                "desszerthez": "Desszerthez",
                "salatakhoz": "Salátákhoz",
                "szedvicsekhez": "Szedvicsekhez",
                "husokhoz": "Húsokhoz",
                "steakekhez": "Steakekhez"
            },
            "default_value": [],
            "return_format": "value",
            "allow_custom": 0,
            "allow_in_bindings": 0,
            "layout": "vertical",
            "toggle": 0,
            "save_custom": 0,
            "custom_choice_button_text": "Add new choice"
        },
        {
            "key": "field_68dd635b8e4f3",
            "label": "Ételek párosítására vonatkozó tippek leírása",
            "name": "product_food_pairing_tips_description",
            "aria-label": "",
            "type": "textarea",
            "instructions": "",
            "required": 0,
            "conditional_logic": 0,
            "wrapper": {
                "width": "",
                "class": "",
                "id": ""
            },
            "default_value": "",
            "maxlength": "",
            "allow_in_bindings": 0,
            "rows": "",
            "placeholder": "",
            "new_lines": "wpautop"
        },
        {
            "key": "field_68d548a148814",
            "label": "Gyakori kérdések",
            "name": "product_faqs",
            "aria-label": "",
            "type": "relationship",
            "instructions": "",
            "required": 0,
            "conditional_logic": 0,
            "wrapper": {
                "width": "",
                "class": "",
                "id": ""
            },
            "post_type": [
                "faq"
            ],
            "post_status": [
                "publish"
            ],
            "taxonomy": "",
            "filters": [
                "search"
            ],
            "return_format": "object",
            "min": "",
            "max": "",
            "allow_in_bindings": 0,
            "elements": "",
            "bidirectional": 0,
            "bidirectional_target": []
        },
        {
            "key": "field_68fa42b5aac82",
            "label": "Kapcsolódó bejegyzések",
            "name": "product_related_posts",
            "aria-label": "",
            "type": "relationship",
            "instructions": "",
            "required": 0,
            "conditional_logic": 0,
            "wrapper": {
                "width": "",
                "class": "",
                "id": ""
            },
            "post_type": [
                "post"
            ],
            "post_status": [
                "publish"
            ],
            "taxonomy": "",
            "filters": [
                "search"
            ],
            "return_format": "object",
            "min": "",
            "max": "",
            "allow_in_bindings": 0,
            "elements": "",
            "bidirectional": 0,
            "bidirectional_target": []
        }
    ],
    "location": [
        [
            {
                "param": "post_type",
                "operator": "==",
                "value": "product"
            }
        ]
    ],
    "menu_order": 0,
    "position": "normal",
    "style": "default",
    "label_placement": "top",
    "instruction_placement": "label",
    "hide_on_screen": "",
    "active": true,
    "description": "",
    "show_in_rest": 0,
    "display_title": "",
    "modified": 1761233687
}
