{
    "key": "group_68a48de5a7f72",
    "title": "Szekciók - beállítások",
    "fields": [
        {
            "key": "field_68a48de58c549",
            "label": "Cím",
            "name": "section_title",
            "aria-label": "",
            "type": "text",
            "instructions": "",
            "required": 0,
            "conditional_logic": 0,
            "wrapper": {
                "width": "90",
                "class": "",
                "id": ""
            },
            "default_value": "",
            "maxlength": "",
            "allow_in_bindings": 0,
            "placeholder": "",
            "prepend": "",
            "append": ""
        },
        {
            "key": "field_68c142f0160ca",
            "label": "Cím elrejtése",
            "name": "section_hide_title",
            "aria-label": "",
            "type": "true_false",
            "instructions": "",
            "required": 0,
            "conditional_logic": 0,
            "wrapper": {
                "width": "10",
                "class": "",
                "id": ""
            },
            "message": "",
            "default_value": 0,
            "allow_in_bindings": 0,
            "ui_on_text": "",
            "ui_off_text": "",
            "ui": 1
        },
        {
            "key": "field_68a48dfa8c54a",
            "label": "Leírás",
            "name": "section_lead",
            "aria-label": "",
            "type": "textarea",
            "instructions": "",
            "required": 0,
            "conditional_logic": 0,
            "wrapper": {
                "width": "",
                "class": "",
                "id": ""
            },
            "default_value": "",
            "maxlength": "",
            "allow_in_bindings": 0,
            "rows": "",
            "placeholder": "",
            "new_lines": "wpautop"
        },
        {
            "key": "field_68dea0b8a21e1",
            "label": "Felső eltartás",
            "name": "section_padding_top",
            "aria-label": "",
            "type": "radio",
            "instructions": "",
            "required": 0,
            "conditional_logic": 0,
            "wrapper": {
                "width": "50",
                "class": "",
                "id": ""
            },
            "choices": {
                "none": "Nincs",
                "large": "Nagyobb"
            },
            "default_value": "default",
            "return_format": "value",
            "allow_null": 1,
            "other_choice": 0,
            "allow_in_bindings": 0,
            "layout": "horizontal",
            "save_other_choice": 0
        },
        {
            "key": "field_68dea199a21e2",
            "label": "Alsó eltartás",
            "name": "section_padding_bottom",
            "aria-label": "",
            "type": "radio",
            "instructions": "",
            "required": 0,
            "conditional_logic": 0,
            "wrapper": {
                "width": "50",
                "class": "",
                "id": ""
            },
            "choices": {
                "none": "Nincs",
                "large": "Nagyobb"
            },
            "default_value": "default",
            "return_format": "value",
            "allow_null": 1,
            "other_choice": 0,
            "allow_in_bindings": 0,
            "layout": "horizontal",
            "save_other_choice": 0
        },
        {
            "key": "field_68dea1c696d0c",
            "label": "Háttérszín",
            "name": "section_bg_color",
            "aria-label": "",
            "type": "radio",
            "instructions": "",
            "required": 0,
            "conditional_logic": 0,
            "wrapper": {
                "width": "50",
                "class": "",
                "id": ""
            },
            "choices": {
                "white": "Fehér",
                "primary": "Elsődleges",
                "primary-05": "Elsődleges (5%)",
                "primary-25": "Elsődleges (25%)",
                "secondary": "Másodlagos",
                "secondary-05": "Másodlagos (5%)",
                "secondary-25": "Másodlagos (25%)"
            },
            "default_value": "default",
            "return_format": "value",
            "allow_null": 1,
            "other_choice": 0,
            "allow_in_bindings": 0,
            "layout": "horizontal",
            "save_other_choice": 0
        }
    ],
    "location": [
        [
            {
                "param": "post_type",
                "operator": "==",
                "value": "post"
            }
        ]
    ],
    "menu_order": 0,
    "position": "normal",
    "style": "default",
    "label_placement": "top",
    "instruction_placement": "label",
    "hide_on_screen": "",
    "active": false,
    "description": "",
    "show_in_rest": 0,
    "display_title": "",
    "modified": 1761833421
}
